id,first_name,last_name,email,gender,ip_address
1,Ali,Danes,adanes0@phoca.cz,Male,254.136.4.1
2,Zaneta,Wookey,zwookey1@is.gd,Female,135.221.155.48
3,Bryn,Aglione,baglione2@ovh.net,Male,187.194.241.189
4,Alvin,Beaston,abeaston3@vistaprint.com,Male,195.249.13.0
5,Biron,Jost,bjost4@digg.com,Male,108.100.190.35
6,Benyamin,Merlin,bmerlin5@fema.gov,Male,167.49.134.9
7,Donielle,McKnockiter,dmcknockiter6@toplist.cz,Female,42.185.74.33
8,Efrem,Kops,ekops7@sina.com.cn,Male,66.164.87.177
9,Lucky,Dunstan,ldunstan8@va.gov,Female,25.141.84.8
10,Vanni,Huguet,vhuguet9@bloglines.com,Female,239.141.106.150
11,Toddie,Box,tboxa@marriott.com,Male,117.57.249.9
12,Adolphe,Voff,avoffb@opera.com,Male,121.144.238.218
13,Malachi,MacLucais,mmaclucaisc@jugem.jp,Male,159.188.72.36
14,Allin,Fillimore,afillimored@i2i.jp,Male,18.24.144.250
15,Stefano,Purver,spurvere@soundcloud.com,Male,173.35.250.117
16,Salomon,Langabeer,slangabeerf@wiley.com,Male,141.210.153.253
17,Greg,Selman,gselmang@google.nl,Male,164.177.246.4
18,Angie,Woollons,awoollonsh@nationalgeographic.com,Male,28.123.4.243
19,Fanchette,Luchelli,fluchellii@hud.gov,Female,163.224.183.134
20,Jermain,Liggons,jliggonsj@squidoo.com,Male,196.28.159.90
21,Westbrook,Bowring,wbowringk@edublogs.org,Male,7.86.119.143
22,Cherin,Fabry,cfabryl@vimeo.com,Female,165.168.179.204
23,Cahra,Gaule,cgaulem@toplist.cz,Female,89.61.53.246
24,Lanna,Banbrick,lbanbrickn@infoseek.co.jp,Female,164.200.52.97
25,Joshua,Febry,jfebryo@nih.gov,Male,185.98.194.171
26,Ninnetta,Wrathmall,nwrathmallp@naver.com,Female,146.236.199.191
27,Bamby,Morin,bmorinq@opera.com,Female,195.135.223.48
28,Arielle,Mosen,amosenr@diigo.com,Female,100.224.172.223
29,Marketa,McNiven,mmcnivens@spiegel.de,Female,79.163.99.202
30,Leticia,Hunn,lhunnt@amazon.com,Female,184.218.92.123
31,Guthrey,Audry,gaudryu@cargocollective.com,Male,23.105.16.61
32,Isacco,Drewry,idrewryv@earthlink.net,Male,126.39.96.159
33,Husain,Greenstead,hgreensteadw@mediafire.com,Male,135.237.149.163
34,Stanly,Gilardoni,sgilardonix@independent.co.uk,Male,208.171.171.33
35,Nils,Telford,ntelfordy@cpanel.net,Male,83.50.177.88
36,Sonya,Abrahm,sabrahmz@google.co.uk,Female,94.161.150.29
37,Nicholle,Bouda,nbouda10@friendfeed.com,Female,51.134.249.219
38,Chane,Warlow,cwarlow11@nbcnews.com,Male,88.51.249.64
39,Abramo,Gavin,agavin12@1und1.de,Male,196.184.204.11
40,Eliza,Henrionot,ehenrionot13@pcworld.com,Female,135.43.4.57
41,Rosaleen,Torrance,rtorrance14@parallels.com,Female,219.130.114.252
42,Ardyce,Hartright,ahartright15@paypal.com,Female,16.29.90.252
43,Karlyn,Chaplyn,kchaplyn16@1und1.de,Female,93.109.32.201
44,Evelina,Stidson,estidson17@netlog.com,Female,87.11.234.0
45,Colver,Crossby,ccrossby18@blogspot.com,Male,114.155.185.39
46,Tiena,Pretious,tpretious19@rakuten.co.jp,Female,154.80.34.218
47,Billie,Walton,bwalton1a@jimdo.com,Female,214.210.23.48
48,Ervin,Waldren,ewaldren1b@answers.com,Male,149.228.114.212
49,Ches,Anfusso,canfusso1c@bandcamp.com,Male,140.45.40.128
50,Denney,McGurn,dmcgurn1d@apache.org,Male,116.121.234.247
51,Amble,MacCathay,amaccathay1e@1und1.de,Male,235.89.169.126
52,Bealle,Cow,bcow1f@1688.com,Male,182.47.146.177
53,Lindsey,Kettlestringes,lkettlestringes1g@gizmodo.com,Female,113.148.47.121
54,Dasi,Grooby,dgrooby1h@chicagotribune.com,Female,29.154.205.70
55,Parsifal,Ardron,pardron1i@vistaprint.com,Male,27.161.118.128
56,Wilona,Quesne,wquesne1j@unesco.org,Female,77.41.162.133
57,Stesha,Snyder,ssnyder1k@behance.net,Female,17.109.157.144
58,Channa,Fluck,cfluck1l@thetimes.co.uk,Female,230.195.24.61
59,Sam,Wickmann,swickmann1m@howstuffworks.com,Male,163.130.40.114
60,Cassie,Prazer,cprazer1n@privacy.gov.au,Female,75.51.40.152
61,Gisela,Beldham,gbeldham1o@reuters.com,Female,44.49.80.192
62,Conan,Poor,cpoor1p@qq.com,Male,14.144.162.109
63,Cathe,Brymham,cbrymham1q@blogspot.com,Female,249.20.231.25
64,Roderigo,Cord,rcord1r@weibo.com,Male,35.205.58.121
65,Averil,Maloney,amaloney1s@go.com,Female,35.240.162.183
66,Herby,Goodbur,hgoodbur1t@newsvine.com,Male,119.171.109.100
67,Merlina,Boow,mboow1u@blog.com,Female,82.191.72.248
68,Tremain,Bemlott,tbemlott1v@blogs.com,Male,119.56.242.252
69,Jacquenetta,Du Fray,jdufray1w@upenn.edu,Female,167.56.233.238
70,Maxy,Rosendall,mrosendall1x@stanford.edu,Female,47.123.152.57
71,Holt,Filchagin,hfilchagin1y@google.com.br,Male,31.115.154.160
72,Rodney,Sibbs,rsibbs1z@omniture.com,Male,93.174.162.16
73,Pascale,Fife,pfife20@joomla.org,Male,130.48.157.48
74,Tina,Fennessy,tfennessy21@zdnet.com,Female,244.156.176.244
75,Feliks,Ridgewell,fridgewell22@unicef.org,Male,249.168.182.91
76,Philippe,Dreghorn,pdreghorn23@oracle.com,Female,32.43.198.192
77,Hasty,Vint,hvint24@topsy.com,Male,251.231.177.43
78,Katy,Harvey,kharvey25@auda.org.au,Female,51.69.13.201
79,Harlen,Bellow,hbellow26@kickstarter.com,Male,91.118.236.192
80,Laure,Beining,lbeining27@whitehouse.gov,Female,85.102.77.194
81,Gabbey,Ashelford,gashelford28@networkadvertising.org,Female,93.1.79.137
82,Letizia,Doughartie,ldoughartie29@marriott.com,Female,176.118.181.190
83,Butch,Swayte,bswayte2a@booking.com,Male,213.204.17.127
84,Lenci,Rosenqvist,lrosenqvist2b@jalbum.net,Male,29.163.169.4
85,Fern,Baldocci,fbaldocci2c@freewebs.com,Female,206.84.35.153
86,Lorianne,Albery,lalbery2d@tumblr.com,Female,204.107.61.9
87,Hamnet,Lebarree,hlebarree2e@google.ca,Male,182.216.153.115
88,Rakel,Worvell,rworvell2f@dmoz.org,Female,187.223.13.1
89,Merlina,Hulke,mhulke2g@sogou.com,Female,4.95.117.145
90,Nikos,St. Clair,nstclair2h@elegantthemes.com,Male,26.49.173.229
91,Davy,Dewberry,ddewberry2i@ezinearticles.com,Male,210.232.128.102
92,Edwin,McNirlan,emcnirlan2j@hostgator.com,Male,141.12.113.184
93,Cary,Coldwell,ccoldwell2k@blogtalkradio.com,Female,30.122.90.42
94,Salli,Teck,steck2l@cnet.com,Female,93.135.11.163
95,Lanny,Coldbathe,lcoldbathe2m@phoca.cz,Male,21.110.17.182
96,Elsinore,Checkley,echeckley2n@wikispaces.com,Female,36.37.112.112
97,Edita,Ojeda,eojeda2o@exblog.jp,Female,221.196.43.183
98,Nicol,Alyutin,nalyutin2p@ocn.ne.jp,Female,224.167.36.176
99,Tades,Botting,tbotting2q@blogs.com,Male,104.251.61.32
100,Randell,Hairon,rhairon2r@buzzfeed.com,Male,162.144.243.138
101,Amandie,Lightbourne,alightbourne2s@timesonline.co.uk,Female,121.28.255.67
102,Giselle,Scorey,gscorey2t@odnoklassniki.ru,Female,108.18.60.187
103,Trista,Alans,talans2u@surveymonkey.com,Female,236.123.15.174
104,Angelia,Stayte,astayte2v@sourceforge.net,Female,25.138.40.24
105,Aryn,Gerok,agerok2w@icio.us,Female,27.199.193.237
106,Sibyl,Mattersley,smattersley2x@imageshack.us,Male,106.150.89.229
107,Babara,Strutton,bstrutton2y@scientificamerican.com,Female,20.147.155.230
108,Israel,Tuffell,ituffell2z@ask.com,Male,139.153.15.138
109,Gwenora,Weeks,gweeks30@t.co,Female,175.245.127.36
110,Arabella,Duffield,aduffield31@nsw.gov.au,Female,160.123.93.170
111,Rochelle,Iacovo,riacovo32@addthis.com,Female,70.162.5.124
112,Chandler,Poulden,cpoulden33@cdbaby.com,Male,101.183.150.123
113,Bogart,Lynch,blynch34@ycombinator.com,Male,15.91.236.252
114,Frederica,Byne,fbyne35@cbc.ca,Female,0.90.36.50
115,Shem,Leyninye,sleyninye36@theguardian.com,Male,197.15.244.241
116,Mart,Wraith,mwraith37@xinhuanet.com,Male,251.135.150.16
117,Dalis,Joslyn,djoslyn38@unblog.fr,Male,45.180.70.252
118,Mozelle,Muschette,mmuschette39@umn.edu,Female,98.44.31.240
119,Bree,Sprackling,bsprackling3a@cyberchimps.com,Female,190.153.254.50
120,Pascal,Ginty,pginty3b@baidu.com,Male,243.27.118.136
121,Mara,Brigstock,mbrigstock3c@ebay.co.uk,Female,170.191.174.225
122,Ailina,Garside,agarside3d@ft.com,Female,53.167.81.11
123,Addison,Crum,acrum3e@a8.net,Male,181.207.103.13
124,Langston,Care,lcare3f@4shared.com,Male,11.237.151.45
125,Roddie,Lattos,rlattos3g@dell.com,Male,171.220.156.90
126,Jacklyn,Syversen,jsyversen3h@oakley.com,Female,155.108.64.210
127,Chrisse,Blofeld,cblofeld3i@guardian.co.uk,Male,46.158.116.53
128,Dodie,Gogerty,dgogerty3j@sfgate.com,Female,70.192.128.207
129,Aylmar,Oliva,aoliva3k@webnode.com,Male,226.214.238.26
130,Thane,Cuss,tcuss3l@utexas.edu,Male,232.248.129.15
131,Ursala,Dunlop,udunlop3m@opensource.org,Female,50.242.54.30
132,Traver,Sinclar,tsinclar3n@typepad.com,Male,182.108.54.226
133,Lyndsie,Cornelissen,lcornelissen3o@booking.com,Female,221.100.53.79
134,Nester,Von Welden,nvonwelden3p@jugem.jp,Male,3.8.152.159
135,Deb,Marriot,dmarriot3q@amazon.co.uk,Female,62.147.198.13
136,Kristen,Shory,kshory3r@vinaora.com,Female,212.99.40.133
137,Drake,Simms,dsimms3s@so-net.ne.jp,Male,168.157.142.105
138,Nell,Dinneen,ndinneen3t@mapquest.com,Female,40.103.169.104
139,Neron,Raw,nraw3u@shutterfly.com,Male,209.72.206.87
140,Tabb,Loseby,tloseby3v@aboutads.info,Male,130.108.47.207
141,Hildegaard,Rene,hrene3w@ask.com,Female,14.28.140.231
142,Shena,Gimeno,sgimeno3x@cnn.com,Female,238.215.6.172
143,Xenia,Paffot,xpaffot3y@yellowpages.com,Female,6.230.50.92
144,Corella,Brundill,cbrundill3z@google.com.hk,Female,117.20.244.192
145,Caleb,Duggleby,cduggleby40@creativecommons.org,Male,47.210.239.113
146,Dionysus,Lesper,dlesper41@dot.gov,Male,231.154.111.0
147,Ofella,Candwell,ocandwell42@loc.gov,Female,87.163.220.7
148,Magnum,Sudran,msudran43@live.com,Male,217.170.124.76
149,Lawry,Halcro,lhalcro44@quantcast.com,Male,176.234.10.106
150,Leora,Crossdale,lcrossdale45@globo.com,Female,163.157.21.95
151,Wyatt,Theakston,wtheakston46@baidu.com,Male,51.156.81.11
152,Terence,Sylett,tsylett47@soundcloud.com,Male,151.160.150.255
153,Hi,Chesswas,hchesswas48@state.gov,Male,254.82.237.32
154,Gillian,Danilewicz,gdanilewicz49@java.com,Female,134.19.202.89
155,Muire,Gayforth,mgayforth4a@webs.com,Female,68.167.18.187
156,Gillan,Dukes,gdukes4b@technorati.com,Female,157.255.38.177
157,Delphinia,Pontefract,dpontefract4c@last.fm,Female,51.121.163.182
158,Michale,Southward,msouthward4d@wikia.com,Male,171.163.196.164
159,Aurelea,Doey,adoey4e@t.co,Female,146.110.216.29
160,Micheil,Pomeroy,mpomeroy4f@friendfeed.com,Male,45.117.18.169
161,Jemimah,Harce,jharce4g@quantcast.com,Female,13.42.245.210
162,Chelsy,Roxburgh,croxburgh4h@bluehost.com,Female,252.132.2.56
163,Lolita,Dobbin,ldobbin4i@a8.net,Female,43.253.165.34
164,Enoch,Kembley,ekembley4j@youtube.com,Male,200.62.25.101
165,Gene,Stroband,gstroband4k@canalblog.com,Male,13.71.64.245
166,Melvin,Axel,maxel4l@sakura.ne.jp,Male,75.205.161.166
167,Tabitha,Piris,tpiris4m@lulu.com,Female,178.173.231.76
168,Melva,Weine,mweine4n@icq.com,Female,219.10.10.93
169,Tirrell,Sheepy,tsheepy4o@istockphoto.com,Male,228.58.221.186
170,Margarita,Frotton,mfrotton4p@hugedomains.com,Female,142.201.197.246
171,Giusto,Cantu,gcantu4q@aol.com,Male,141.84.216.222
172,Jard,Mullally,jmullally4r@auda.org.au,Male,97.22.216.124
173,Waite,Aldersley,waldersley4s@comcast.net,Male,203.184.39.230
174,Vikky,Long,vlong4t@engadget.com,Female,218.134.53.42
175,Mahmud,Pettingill,mpettingill4u@lycos.com,Male,156.192.118.35
176,Sandy,Mercik,smercik4v@archive.org,Male,254.43.198.72
177,Murry,Capp,mcapp4w@gnu.org,Male,80.5.224.129
178,Ailsun,Milsap,amilsap4x@yahoo.co.jp,Female,15.203.23.55
179,Ibrahim,Munslow,imunslow4y@desdev.cn,Male,169.193.156.171
180,Alysia,Latch,alatch4z@webnode.com,Female,119.193.27.16
181,Gino,Swetman,gswetman50@hp.com,Male,134.125.8.234
182,Miriam,Linsay,mlinsay51@disqus.com,Female,87.74.82.228
183,Dianna,Schimank,dschimank52@buzzfeed.com,Female,88.207.95.87
184,Calley,Diament,cdiament53@salon.com,Female,192.225.96.125
185,Marley,Scud,mscud54@yandex.ru,Female,66.85.212.171
186,Leona,McLukie,lmclukie55@aol.com,Female,237.89.217.104
187,Austine,Causnett,acausnett56@clickbank.net,Female,24.160.120.64
188,Indira,Dorbon,idorbon57@biglobe.ne.jp,Female,38.50.62.39
189,Luis,Pryn,lpryn58@google.co.uk,Male,226.196.232.235
190,Simonette,Momery,smomery59@salon.com,Female,55.157.20.225
191,Darren,Moffett,dmoffett5a@apache.org,Male,203.109.107.38
192,Brandie,Saunders,bsaunders5b@yellowbook.com,Female,149.230.209.82
193,Wilow,Ruby,wruby5c@xing.com,Female,115.83.192.106
194,Carmencita,Piegrome,cpiegrome5d@house.gov,Female,197.201.141.112
195,Monti,Coltan,mcoltan5e@google.pl,Male,237.15.241.146
196,Neil,Reynold,nreynold5f@eventbrite.com,Male,70.195.212.175
197,Aggi,Sandiland,asandiland5g@state.tx.us,Female,198.40.127.247
198,Janaye,Tomini,jtomini5h@google.co.uk,Female,16.51.183.237
199,Brooke,Frisby,bfrisby5i@skyrock.com,Female,90.194.125.179
200,Matthieu,Meaddowcroft,mmeaddowcroft5j@hibu.com,Male,121.17.61.222
201,Christyna,Picknett,cpicknett5k@jugem.jp,Female,30.202.233.221
202,Marcus,Gautrey,mgautrey5l@youtu.be,Male,103.192.185.155
203,Hamil,Crystal,hcrystal5m@behance.net,Male,56.43.105.127
204,Meg,Freear,mfreear5n@reference.com,Female,51.82.242.222
205,Chandal,Greener,cgreener5o@admin.ch,Female,62.173.205.11
206,Madel,Shawley,mshawley5p@soup.io,Female,207.105.61.183
207,Tanner,Doogan,tdoogan5q@joomla.org,Male,115.82.47.38
208,Valera,Karpman,vkarpman5r@geocities.jp,Female,4.10.109.104
209,Cull,Bryers,cbryers5s@odnoklassniki.ru,Male,140.1.185.200
210,Adria,Plumstead,aplumstead5t@mozilla.org,Female,232.45.5.210
211,Emylee,MacGovern,emacgovern5u@vinaora.com,Female,120.82.108.186
212,Brandyn,Sturte,bsturte5v@nba.com,Male,57.205.114.124
213,Grannie,Cockshot,gcockshot5w@ning.com,Male,204.182.40.236
214,Rory,McKeaney,rmckeaney5x@amazon.co.jp,Male,135.228.62.27
215,Jamil,Mobley,jmobley5y@blinklist.com,Male,28.45.114.79
216,Isac,Brettoner,ibrettoner5z@ihg.com,Male,207.158.217.181
217,Lin,Slesser,lslesser60@weibo.com,Female,66.11.144.197
218,Emilee,Iacobetto,eiacobetto61@creativecommons.org,Female,198.95.75.189
219,Margaret,Ubanks,mubanks62@fastcompany.com,Female,247.183.158.151
220,Thatcher,Bratty,tbratty63@ca.gov,Male,201.76.222.192
221,Tabb,Faint,tfaint64@smugmug.com,Male,98.226.178.17
222,Genevieve,Grafton,ggrafton65@miitbeian.gov.cn,Female,162.14.97.95
223,Mil,Halloway,mhalloway66@oaic.gov.au,Female,63.2.198.12
224,Innis,Sadlier,isadlier67@disqus.com,Male,195.106.32.152
225,George,Klosges,gklosges68@meetup.com,Female,181.177.174.35
226,Mavis,Stede,mstede69@yahoo.com,Female,8.164.198.201
227,Roldan,Tomaszynski,rtomaszynski6a@vinaora.com,Male,10.187.174.5
228,Douglas,Riggeard,driggeard6b@odnoklassniki.ru,Male,200.171.135.232
229,Collie,Yggo,cyggo6c@economist.com,Female,54.186.165.33
230,Rosalia,Featherstone,rfeatherstone6d@washingtonpost.com,Female,126.47.26.14
231,Cleo,Beacroft,cbeacroft6e@parallels.com,Female,41.86.135.111
232,Jermaine,Dooney,jdooney6f@whitehouse.gov,Male,148.211.175.110
233,Pollyanna,Cutts,pcutts6g@reuters.com,Female,38.80.63.112
234,Ferrell,Tolmie,ftolmie6h@wordpress.com,Male,0.130.125.113
235,Brennen,Nurdin,bnurdin6i@cyberchimps.com,Male,108.121.248.96
236,Justina,Huzzey,jhuzzey6j@cargocollective.com,Female,136.127.111.145
237,Junie,Gilhool,jgilhool6k@studiopress.com,Female,162.171.190.80
238,Vladamir,Bonass,vbonass6l@reverbnation.com,Male,13.119.89.31
239,Doyle,Sellan,dsellan6m@google.pl,Male,6.215.95.201
240,Otto,Lamberteschi,olamberteschi6n@hatena.ne.jp,Male,68.87.102.143
241,Phillie,Gillman,pgillman6o@webnode.com,Female,140.223.56.138
242,Siward,McCall,smccall6p@edublogs.org,Male,141.35.49.217
243,Maddi,Cherrett,mcherrett6q@360.cn,Female,109.220.202.80
244,Art,Brodeur,abrodeur6r@kickstarter.com,Male,42.150.204.90
245,Brad,Boykett,bboykett6s@umich.edu,Male,43.242.201.13
246,Reggy,Vellden,rvellden6t@google.com.hk,Male,44.171.156.177
247,Jessie,Camosso,jcamosso6u@miibeian.gov.cn,Male,52.23.78.221
248,Dorian,Ginnety,dginnety6v@opera.com,Male,107.79.123.112
249,Dannie,Oppy,doppy6w@foxnews.com,Male,18.150.103.85
250,Sayer,Hully,shully6x@issuu.com,Male,179.187.89.240
251,Elmira,Jeays,ejeays6y@hexun.com,Female,54.162.229.229
252,Estel,Gersam,egersam6z@bandcamp.com,Female,53.65.241.159
253,Auguste,Bertenshaw,abertenshaw70@adobe.com,Female,129.221.85.83
254,Krissie,Geldeford,kgeldeford71@taobao.com,Female,127.68.89.172
255,Lida,Lundy,llundy72@nps.gov,Female,112.203.99.250
256,Carlyn,Farleigh,cfarleigh73@ycombinator.com,Female,188.127.123.213
257,Caldwell,Circuit,ccircuit74@forbes.com,Male,167.132.50.193
258,Izaak,Deneve,ideneve75@merriam-webster.com,Male,107.96.139.36
259,Elyse,Rainard,erainard76@goo.gl,Female,72.204.194.79
260,Tam,Scrivenor,tscrivenor77@mashable.com,Male,20.150.246.37
261,Ezequiel,Maith,emaith78@sohu.com,Male,131.109.14.72
262,Gayelord,Mawd,gmawd79@va.gov,Male,130.55.201.114
263,Helge,Yirrell,hyirrell7a@macromedia.com,Female,141.23.132.170
264,Franciska,Oloshkin,foloshkin7b@usa.gov,Female,122.255.108.213
265,Adolphus,Gallichan,agallichan7c@xinhuanet.com,Male,143.68.230.106
266,Bartie,Tremellier,btremellier7d@usatoday.com,Male,21.245.167.198
267,Starlene,Ledrun,sledrun7e@storify.com,Female,11.148.206.89
268,Stinky,Hucks,shucks7f@slideshare.net,Male,158.44.226.13
269,Mohandis,Mollitt,mmollitt7g@discovery.com,Male,118.73.255.150
270,Ashla,Yansons,ayansons7h@acquirethisname.com,Female,77.206.21.21
271,Adella,Danilyuk,adanilyuk7i@printfriendly.com,Female,177.5.70.83
272,Frederica,Kennett,fkennett7j@weibo.com,Female,45.223.22.97
273,Junia,Spuner,jspuner7k@rakuten.co.jp,Female,113.181.201.72
274,Phillis,Dunbabin,pdunbabin7l@marriott.com,Female,91.144.23.195
275,Shayna,Lyndon,slyndon7m@phoca.cz,Female,177.165.187.250
276,Ari,Blampied,ablampied7n@de.vu,Male,68.158.193.71
277,Gabie,Gare,ggare7o@prlog.org,Male,149.154.141.152
278,Say,McCarlich,smccarlich7p@accuweather.com,Male,121.62.156.222
279,Raynor,Giggs,rgiggs7q@ebay.co.uk,Male,76.74.48.186
280,Tera,Truett,ttruett7r@shinystat.com,Female,91.64.6.112
281,Gaylene,Manes,gmanes7s@disqus.com,Female,241.120.178.47
282,Shea,Rendall,srendall7t@netvibes.com,Male,166.133.62.237
283,Chickie,Knock,cknock7u@japanpost.jp,Female,16.178.120.105
284,Virginie,Malimoe,vmalimoe7v@google.nl,Female,31.65.138.233
285,Myrtle,Pardey,mpardey7w@icq.com,Female,181.219.167.160
286,Wolfy,Goodison,wgoodison7x@google.cn,Male,133.224.41.112
287,Linus,Pickthorn,lpickthorn7y@netvibes.com,Male,161.2.129.159
288,Melvin,Aspall,maspall7z@loc.gov,Male,15.49.79.88
289,Tonye,Kruger,tkruger80@blogger.com,Female,186.54.104.111
290,Moyna,Chucks,mchucks81@ehow.com,Female,89.145.228.205
291,Mario,Sowman,msowman82@friendfeed.com,Male,174.105.114.172
292,Brnaby,Givens,bgivens83@usatoday.com,Male,160.237.75.93
293,Ashil,Brislen,abrislen84@wikispaces.com,Female,123.48.20.142
294,Jeramie,Trewman,jtrewman85@icq.com,Male,85.68.154.234
295,Harwilll,Godlee,hgodlee86@elegantthemes.com,Male,209.198.89.175
296,Barbey,Meekin,bmeekin87@typepad.com,Female,122.197.74.99
297,Minne,Doers,mdoers88@yahoo.co.jp,Female,81.151.185.11
298,Hallie,Goldney,hgoldney89@engadget.com,Female,228.140.181.212
299,Marie-jeanne,Gercke,mgercke8a@ustream.tv,Female,208.115.81.2
300,Shae,McKinty,smckinty8b@multiply.com,Female,40.199.84.96
301,Helenka,Botcherby,hbotcherby8c@eepurl.com,Female,16.130.30.40
302,Bryon,Lindstrom,blindstrom8d@smugmug.com,Male,83.71.69.34
303,Eli,Frantz,efrantz8e@posterous.com,Male,248.53.179.238
304,Freedman,Hardwick,fhardwick8f@vimeo.com,Male,152.255.183.151
305,Drucill,Gress,dgress8g@ameblo.jp,Female,207.185.16.189
306,Trish,Gadd,tgadd8h@cnn.com,Female,178.143.250.97
307,Goldia,Harkess,gharkess8i@kickstarter.com,Female,98.237.85.235
308,Kev,Johnston,kjohnston8j@domainmarket.com,Male,255.239.224.104
309,Gregoire,Langtry,glangtry8k@shinystat.com,Male,1.137.158.188
310,Arabella,Varndell,avarndell8l@paginegialle.it,Female,54.127.32.149
311,Hinze,Cobleigh,hcobleigh8m@china.com.cn,Male,30.209.131.146
312,Joseph,Joslyn,jjoslyn8n@aol.com,Male,57.208.8.209
313,Dulcinea,Holdall,dholdall8o@sbwire.com,Female,119.65.204.211
314,Forester,Pratten,fpratten8p@simplemachines.org,Male,216.113.225.133
315,Knox,Axcel,kaxcel8q@sina.com.cn,Male,67.135.254.49
316,Griffin,Duffyn,gduffyn8r@buzzfeed.com,Male,59.153.178.187
317,Ewen,De Bernardis,edebernardis8s@tinyurl.com,Male,211.82.218.233
318,Pedro,Woollin,pwoollin8t@nasa.gov,Male,81.213.128.253
319,Cathyleen,Hoopper,choopper8u@wikia.com,Female,216.56.70.210
320,Edd,Laroze,elaroze8v@xinhuanet.com,Male,242.166.210.75
321,Dalia,Kopf,dkopf8w@bloglines.com,Female,179.225.151.166
322,Gennie,Szimon,gszimon8x@theguardian.com,Female,124.209.188.240
323,Abba,Giurio,agiurio8y@chicagotribune.com,Male,61.19.197.187
324,Maynard,Bartleman,mbartleman8z@huffingtonpost.com,Male,47.84.119.244
325,Conrade,Mudle,cmudle90@ocn.ne.jp,Male,122.65.185.202
326,Lennard,Kibble,lkibble91@360.cn,Male,217.140.73.190
327,Trever,Yeskov,tyeskov92@cisco.com,Male,129.152.253.185
328,Mariejeanne,Downage,mdownage93@infoseek.co.jp,Female,30.63.153.218
329,Hilary,Teodori,hteodori94@blinklist.com,Female,67.157.226.3
330,Caleb,Bartley,cbartley95@vkontakte.ru,Male,48.100.56.28
331,Pauline,Vicar,pvicar96@hexun.com,Female,49.240.190.216
332,Margaret,Gilli,mgilli97@xinhuanet.com,Female,28.93.168.114
333,Ashton,Korpal,akorpal98@studiopress.com,Male,134.193.183.11
334,Darrel,Paddick,dpaddick99@bizjournals.com,Male,74.106.181.152
335,Lethia,Frogley,lfrogley9a@cafepress.com,Female,70.252.150.148
336,Emilio,Morteo,emorteo9b@woothemes.com,Male,7.176.206.36
337,Shellysheldon,Cowburn,scowburn9c@timesonline.co.uk,Male,29.56.238.79
338,Sargent,Kingsnode,skingsnode9d@businessinsider.com,Male,41.249.173.222
339,Zarla,Loweth,zloweth9e@miitbeian.gov.cn,Female,233.225.231.35
340,Ivory,Huegett,ihuegett9f@naver.com,Female,42.129.172.73
341,Georgie,Easson,geasson9g@addtoany.com,Female,5.49.114.230
342,Roberto,Nazair,rnazair9h@facebook.com,Male,161.38.0.198
343,Loise,Parren,lparren9i@twitpic.com,Female,53.204.44.71
344,Kristoffer,Wale,kwale9j@nsw.gov.au,Male,179.230.11.123
345,Tiffani,Renehan,trenehan9k@smh.com.au,Female,69.219.13.6
346,Cirillo,Rivard,crivard9l@skyrock.com,Male,193.23.185.163
347,Rafe,Robinson,rrobinson9m@nih.gov,Male,199.149.151.182
348,Diana,Jakubovski,djakubovski9n@gmpg.org,Female,80.114.165.51
349,Corbie,Osmint,cosmint9o@state.tx.us,Male,130.157.27.135
350,Sam,Abrahamsohn,sabrahamsohn9p@nps.gov,Female,27.78.71.64
351,Law,Breit,lbreit9q@redcross.org,Male,16.111.108.244
352,Klemens,Espinazo,kespinazo9r@mapquest.com,Male,161.10.249.153
353,Taylor,Jelliman,tjelliman9s@sogou.com,Male,254.125.128.237
354,Shane,Kytter,skytter9t@sciencedaily.com,Male,189.202.243.124
355,Rubi,Rankcom,rrankcom9u@blinklist.com,Female,20.119.214.237
356,Freddi,Gerbel,fgerbel9v@miibeian.gov.cn,Female,95.92.191.100
357,Lidia,Minton,lminton9w@china.com.cn,Female,30.248.19.191
358,Horten,Goldring,hgoldring9x@google.it,Male,245.181.79.144
359,Meara,Ketteridge,mketteridge9y@usgs.gov,Female,49.96.149.21
360,Bealle,Bellee,bbellee9z@bizjournals.com,Male,214.251.230.104
361,Neville,Gatchel,ngatchela0@hugedomains.com,Male,135.222.190.15
362,Loreen,Bacher,lbachera1@epa.gov,Female,145.9.36.16
363,Florenza,Gent,fgenta2@sciencedirect.com,Female,37.49.52.42
364,Elianora,Ayce,eaycea3@pcworld.com,Female,199.57.119.165
365,Broderic,Pactat,bpactata4@dailymotion.com,Male,208.21.234.154
366,Meier,Leebeter,mleebetera5@pen.io,Male,128.46.125.130
367,Jordon,Scolland,jscollanda6@goo.ne.jp,Male,9.209.110.161
368,Archie,Revey,areveya7@simplemachines.org,Male,234.155.155.91
369,Moises,Janway,mjanwaya8@jugem.jp,Male,217.78.87.146
370,Becki,York,byorka9@bizjournals.com,Female,135.54.168.12
371,Malvina,Langton,mlangtonaa@shutterfly.com,Female,129.112.13.231
372,Fee,Mix,fmixab@webs.com,Male,221.34.151.234
373,Joanne,Buttriss,jbuttrissac@hugedomains.com,Female,214.220.248.206
374,Cthrine,Defty,cdeftyad@google.es,Female,128.28.51.109
375,Ashil,Strathe,astratheae@usa.gov,Female,63.201.105.49
376,Eveleen,Ruseworth,eruseworthaf@engadget.com,Female,129.184.160.134
377,Dene,Dobrovolny,ddobrovolnyag@huffingtonpost.com,Male,121.217.59.89
378,Christy,Moreno,cmorenoah@google.com.au,Male,41.50.1.184
379,Alric,Hurll,ahurllai@nasa.gov,Male,36.193.75.246
380,Xena,Koppeck,xkoppeckaj@i2i.jp,Female,22.221.195.90
381,Gerhardt,Powton,gpowtonak@wufoo.com,Male,223.108.193.200
382,Archambault,Sellan,asellanal@engadget.com,Male,236.28.5.134
383,Wallie,Boatwright,wboatwrightam@dmoz.org,Female,193.74.195.33
384,Rhiamon,Prior,rprioran@wisc.edu,Female,147.237.12.40
385,Verne,Dorkens,vdorkensao@unc.edu,Male,247.115.56.210
386,Garrik,Covotti,gcovottiap@oakley.com,Male,184.135.205.72
387,Corbett,Bayford,cbayfordaq@domainmarket.com,Male,173.74.81.68
388,Andromache,Colum,acolumar@naver.com,Female,49.126.33.35
389,Frants,Bowness,fbownessas@blogspot.com,Male,241.233.164.241
390,Orson,Gowland,ogowlandat@google.co.jp,Male,54.93.39.170
391,Kimball,Binion,kbinionau@wisc.edu,Male,117.240.58.43
392,Spike,Ravel,sravelav@ebay.com,Male,173.185.168.148
393,Sanderson,Schutte,sschutteaw@archive.org,Male,171.34.207.138
394,Thayne,Vodden,tvoddenax@phoca.cz,Male,84.243.96.158
395,Lark,Vaneschi,lvaneschiay@tinypic.com,Female,79.126.183.36
396,Mozelle,Grissett,mgrissettaz@phpbb.com,Female,176.49.103.81
397,Jermain,Christaeas,jchristaeasb0@phpbb.com,Male,22.207.137.172
398,Bink,Ebanks,bebanksb1@theatlantic.com,Male,211.209.234.173
399,Leeanne,Woolnough,lwoolnoughb2@scientificamerican.com,Female,90.236.11.171
400,Meghann,Legging,mleggingb3@ucsd.edu,Female,169.131.207.79
401,Willi,Dewberry,wdewberryb4@t-online.de,Male,26.131.201.44
402,Jillie,Shortland,jshortlandb5@webmd.com,Female,246.203.141.55
403,Montague,Gerhardt,mgerhardtb6@wikimedia.org,Male,125.142.98.0
404,Mariana,Arlott,marlottb7@themeforest.net,Female,189.125.88.106
405,Roy,Speariett,rspeariettb8@nih.gov,Male,134.137.43.183
406,Rheba,Clewett,rclewettb9@shop-pro.jp,Female,140.172.45.61
407,Lenard,Faulo,lfauloba@youtube.com,Male,215.173.76.177
408,Kirsten,Hallan,khallanbb@php.net,Female,153.32.1.10
409,Lottie,Yo,lyobc@macromedia.com,Female,150.66.94.4
410,Kaspar,Redwood,kredwoodbd@craigslist.org,Male,80.198.157.234
411,Maridel,Broadbent,mbroadbentbe@indiatimes.com,Female,175.14.169.48
412,Dyanne,Rzehorz,drzehorzbf@cisco.com,Female,163.139.99.87
413,Lina,Normant,lnormantbg@ocn.ne.jp,Female,35.90.139.190
414,Rubin,Gobel,rgobelbh@ox.ac.uk,Male,56.225.115.77
415,Aubine,Danks,adanksbi@wix.com,Female,249.40.235.22
416,Grete,Kee,gkeebj@noaa.gov,Female,209.57.188.80
417,Douglass,Carolan,dcarolanbk@vimeo.com,Male,81.151.66.46
418,Kelly,Rableau,krableaubl@linkedin.com,Male,61.158.210.28
419,Flory,Sylett,fsylettbm@trellian.com,Female,149.90.98.78
420,Inger,Pariss,iparissbn@statcounter.com,Female,66.213.221.250
421,Amandie,Kerrigan,akerriganbo@soup.io,Female,48.225.133.107
422,Reeva,Mellsop,rmellsopbp@last.fm,Female,147.1.230.138
423,Elia,Spark,esparkbq@sciencedirect.com,Male,83.120.192.201
424,Kellen,Allum,kallumbr@google.nl,Male,101.20.86.130
425,Tammy,Vergine,tverginebs@amazon.de,Male,72.234.97.185
426,Martynne,Clackers,mclackersbt@cafepress.com,Female,38.146.162.205
427,Jerri,Tuiller,jtuillerbu@illinois.edu,Male,173.19.183.84
428,Orel,Laurant,olaurantbv@businessinsider.com,Female,38.49.168.132
429,Osborn,Firmage,ofirmagebw@themeforest.net,Male,171.128.81.154
430,Sena,Dumini,sduminibx@gmpg.org,Female,169.92.217.122
431,Georgeanne,Zelley,gzelleyby@cyberchimps.com,Female,253.223.102.178
432,Cathrine,Hamby,chambybz@bizjournals.com,Female,0.143.13.65
433,Marie,Lucius,mluciusc0@printfriendly.com,Female,56.44.20.41
434,Woody,Cremer,wcremerc1@ca.gov,Male,59.40.111.220
435,Brewer,Mumby,bmumbyc2@ifeng.com,Male,100.230.234.152
436,Hoebart,Mc Caughan,hmccaughanc3@boston.com,Male,86.185.156.204
437,Baryram,Walworche,bwalworchec4@google.it,Male,255.67.78.218
438,Saraann,Suddaby,ssuddabyc5@rambler.ru,Female,120.131.246.210
439,Remy,Wragge,rwraggec6@hugedomains.com,Female,31.157.74.167
440,Billi,Crowter,bcrowterc7@pbs.org,Female,230.97.146.158
441,George,Cristoferi,gcristoferic8@blogspot.com,Male,122.6.61.247
442,Gardiner,Larne,glarnec9@wordpress.org,Male,235.102.89.135
443,Laurent,Maskell,lmaskellca@wisc.edu,Male,10.69.187.64
444,Haley,Mongeot,hmongeotcb@wiley.com,Male,130.219.2.58
445,Tad,Bandiera,tbandieracc@ucla.edu,Male,74.104.155.169
446,Cull,Dowden,cdowdencd@blinklist.com,Male,48.67.62.14
447,Robin,Farahar,rfaraharce@cbslocal.com,Female,96.9.10.147
448,Egon,Quinion,equinioncf@jigsy.com,Male,224.246.164.251
449,Kandace,Balf,kbalfcg@globo.com,Female,83.206.179.149
450,Andy,Breckell,abreckellch@columbia.edu,Male,160.142.43.216
451,Marcie,Gander,mganderci@dot.gov,Female,250.213.142.243
452,Dalia,Whittick,dwhittickcj@bloglovin.com,Female,80.10.104.21
453,Lorenza,Huscroft,lhuscroftck@psu.edu,Female,211.71.42.115
454,Hodge,Bellamy,hbellamycl@china.com.cn,Male,142.120.231.117
455,Jammal,Bruffell,jbruffellcm@so-net.ne.jp,Male,231.217.196.230
456,Rubin,Huncote,rhuncotecn@canalblog.com,Male,219.192.124.73
457,Augy,Pinsent,apinsentco@typepad.com,Male,84.223.167.104
458,Kingsly,Szimoni,kszimonicp@xrea.com,Male,153.43.209.18
459,Jeromy,Cannavan,jcannavancq@walmart.com,Male,121.86.135.8
460,Griselda,Micklem,gmicklemcr@independent.co.uk,Female,34.21.89.169
461,Welby,Roglieri,wroglierics@bluehost.com,Male,173.175.94.151
462,Derrick,Vardey,dvardeyct@so-net.ne.jp,Male,149.175.166.116
463,Giulietta,Wolfe,gwolfecu@newyorker.com,Female,21.13.146.13
464,Ryley,Cutts,rcuttscv@feedburner.com,Male,0.11.24.138
465,Tracie,Isacke,tisackecw@typepad.com,Male,219.146.73.99
466,Atalanta,Moogan,amoogancx@homestead.com,Female,110.207.166.201
467,Nadine,Pollastrino,npollastrinocy@geocities.jp,Female,253.38.126.193
468,Suzette,Gration,sgrationcz@cam.ac.uk,Female,142.174.75.148
469,Tamiko,Aleksashin,taleksashind0@free.fr,Female,148.185.107.108
470,Leland,Giamelli,lgiamellid1@webeden.co.uk,Female,184.63.50.161
471,Leonhard,Grog,lgrogd2@redcross.org,Male,249.14.40.229
472,Analise,Howsley,ahowsleyd3@youku.com,Female,205.52.193.135
473,Mommy,Ionesco,mionescod4@phpbb.com,Female,198.204.242.56
474,Hansiain,Cuddehay,hcuddehayd5@shareasale.com,Male,227.171.251.139
475,Wilona,Barniss,wbarnissd6@merriam-webster.com,Female,133.169.202.45
476,Marissa,Seaton,mseatond7@sfgate.com,Female,248.99.77.68
477,Lexie,Tschirasche,ltschirasched8@google.ru,Female,154.30.88.121
478,Daisy,Maurice,dmauriced9@google.cn,Female,122.151.222.45
479,Craig,Jayume,cjayumeda@columbia.edu,Male,19.204.27.69
480,Orelia,Blumfield,oblumfielddb@yale.edu,Female,132.50.3.82
481,Carilyn,Cocker,ccockerdc@drupal.org,Female,2.218.78.239
482,Jarrad,Salter,jsalterdd@de.vu,Male,131.169.72.38
483,Howard,Shrubshall,hshrubshallde@bbb.org,Male,223.30.181.21
484,Pru,Trenbey,ptrenbeydf@simplemachines.org,Female,110.15.168.86
485,Isa,Canero,icanerodg@mayoclinic.com,Male,154.4.110.117
486,Weylin,Bedham,wbedhamdh@php.net,Male,68.64.83.142
487,Rosemarie,Geake,rgeakedi@whitehouse.gov,Female,4.180.145.51
488,Eleni,Byart,ebyartdj@examiner.com,Female,40.250.141.216
489,Sim,Rockwell,srockwelldk@lulu.com,Male,46.94.118.204
490,Idette,Briskey,ibriskeydl@oracle.com,Female,22.85.162.42
491,Bertie,Palister,bpalisterdm@behance.net,Female,97.214.171.99
492,Ertha,Durward,edurwarddn@mayoclinic.com,Female,58.161.94.142
493,Syman,Souley,ssouleydo@mac.com,Male,143.19.89.199
494,Leslie,Abela,labeladp@deviantart.com,Male,153.170.84.80
495,Tamma,Levay,tlevaydq@buzzfeed.com,Female,234.111.143.97
496,Berti,Brotheridge,bbrotheridgedr@java.com,Male,177.163.117.7
497,Giorgia,Le Brom,glebromds@skype.com,Female,83.155.167.23
498,Abba,Nares,anaresdt@etsy.com,Male,218.170.69.109
499,Alf,Abramin,aabramindu@digg.com,Male,175.229.16.111
500,Hillary,Steele,hsteeledv@mozilla.org,Female,26.106.40.80
501,Ede,Kemmey,ekemmeydw@goo.gl,Female,190.106.157.158
502,Madison,Luscombe,mluscombedx@oakley.com,Male,33.128.74.239
503,Mariam,Obern,moberndy@csmonitor.com,Female,227.46.81.233
504,Coleman,Marchent,cmarchentdz@dropbox.com,Male,86.154.223.127
505,Bucky,Boram,bborame0@mail.ru,Male,132.118.197.110
506,Blake,Ainsworth,bainsworthe1@vistaprint.com,Female,41.165.48.252
507,Dallas,Wiskar,dwiskare2@amazon.co.jp,Female,146.170.222.35
508,Hans,Pund,hpunde3@dagondesign.com,Male,216.213.38.62
509,Benedikt,Jarmaine,bjarmainee4@merriam-webster.com,Male,143.192.94.98
510,Jeniece,Frankis,jfrankise5@bandcamp.com,Female,35.56.30.142
511,Leonid,Hammond,lhammonde6@alexa.com,Male,21.27.30.134
512,Homere,Emett,hemette7@yahoo.com,Male,74.124.114.143
513,Tori,Coppledike,tcoppledikee8@harvard.edu,Female,42.171.61.14
514,Elwood,Fiennes,efiennese9@youtu.be,Male,46.224.170.194
515,Kiah,Fallens,kfallensea@shinystat.com,Female,211.138.255.123
516,Sib,Warratt,swarratteb@desdev.cn,Female,244.146.36.244
517,Jerrie,Dillway,jdillwayec@google.com.hk,Male,153.55.20.217
518,Conant,Ager,cagered@plala.or.jp,Male,1.13.172.75
519,Bailey,Corriea,bcorrieaee@bluehost.com,Male,34.21.253.153
520,Dimitry,Minter,dminteref@amazonaws.com,Male,201.22.161.78
521,Millicent,Fishly,mfishlyeg@cnet.com,Female,255.81.177.11
522,Teddie,Armitage,tarmitageeh@dailymail.co.uk,Male,140.123.65.174
523,Broderick,Ellesworthe,belleswortheei@elpais.com,Male,246.122.78.88
524,Saxon,Wybrew,swybrewej@amazon.co.uk,Male,111.57.205.110
525,Kinsley,Paeckmeyer,kpaeckmeyerek@noaa.gov,Male,165.63.95.100
526,Mitch,Newlands,mnewlandsel@fotki.com,Male,99.185.142.236
527,Nester,Cathie,ncathieem@cyberchimps.com,Male,35.179.11.173
528,Read,Anstice,ransticeen@devhub.com,Male,237.170.221.220
529,Nariko,Aronow,naronoweo@hubpages.com,Female,83.199.43.149
530,Ellwood,Shatliff,eshatliffep@over-blog.com,Male,34.156.15.88
531,Sula,Finlater,sfinlatereq@diigo.com,Female,118.163.149.193
532,Meredithe,Pregal,mpregaler@guardian.co.uk,Female,39.240.144.72
533,Tim,Malinson,tmalinsones@quantcast.com,Male,162.181.130.204
534,Maridel,Perrone,mperroneet@prweb.com,Female,225.253.83.233
535,Lion,Fell,lfelleu@comsenz.com,Male,153.212.59.168
536,Zach,Cotton,zcottonev@linkedin.com,Male,25.70.185.49
537,Kailey,Lovejoy,klovejoyew@geocities.com,Female,171.0.61.59
538,Venita,Danniel,vdannielex@shutterfly.com,Female,212.70.21.217
539,Charis,Sackur,csackurey@twitpic.com,Female,171.130.200.163
540,Carmine,Dockrill,cdockrillez@addthis.com,Female,84.236.247.247
541,Vaughan,Farfull,vfarfullf0@admin.ch,Male,172.46.29.179
542,Layla,Covotto,lcovottof1@nature.com,Female,158.252.166.58
543,Livvy,Peters,lpetersf2@biglobe.ne.jp,Female,105.152.194.248
544,Law,Speight,lspeightf3@vinaora.com,Male,75.2.50.246
545,Robyn,Vanichkov,rvanichkovf4@google.co.uk,Female,26.226.192.204
546,Fremont,Ilott,filottf5@google.nl,Male,101.112.164.99
547,Bibbie,Bockett,bbockettf6@icio.us,Female,115.153.89.183
548,Hayward,Cundey,hcundeyf7@merriam-webster.com,Male,80.22.246.154
549,Oren,Yousef,oyouseff8@shareasale.com,Male,215.195.73.137
550,Danita,Testo,dtestof9@ebay.com,Female,163.47.11.22
551,Valida,Ragate,vragatefa@springer.com,Female,66.41.190.40
552,Emelia,McGreary,emcgrearyfb@lulu.com,Female,56.233.238.158
553,Catha,Burnitt,cburnittfc@marriott.com,Female,10.241.83.65
554,Farley,Roony,froonyfd@pen.io,Male,240.236.151.144
555,Paxon,Gibben,pgibbenfe@behance.net,Male,167.112.77.2
556,Karissa,Gabitis,kgabitisff@tamu.edu,Female,53.233.229.152
557,Filide,Golling,fgollingfg@eepurl.com,Female,68.161.214.39
558,Fayette,Kitchinghan,fkitchinghanfh@printfriendly.com,Female,250.126.219.81
559,Patrizio,Towle,ptowlefi@redcross.org,Male,84.174.213.40
560,Elsinore,Wagon,ewagonfj@google.com.au,Female,234.85.229.131
561,Starlin,Gerred,sgerredfk@smugmug.com,Female,45.159.195.174
562,Kali,Rixon,krixonfl@blogs.com,Female,185.11.138.52
563,Lida,Gallimore,lgallimorefm@tumblr.com,Female,127.48.160.118
564,Stephannie,Dalrymple,sdalrymplefn@irs.gov,Female,225.59.182.228
565,Rudiger,Segeswoeth,rsegeswoethfo@pen.io,Male,193.11.117.127
566,Maximilian,Le feaver,mlefeaverfp@last.fm,Male,106.55.216.236
567,Katharyn,Aslin,kaslinfq@meetup.com,Female,60.32.150.209
568,Karalynn,Molen,kmolenfr@ucoz.ru,Female,151.211.229.203
569,Falito,Druett,fdruettfs@skype.com,Male,108.229.111.168
570,Trefor,Champneys,tchampneysft@go.com,Male,160.50.177.238
571,Dehlia,Poel,dpoelfu@naver.com,Female,140.88.85.179
572,Justus,Combes,jcombesfv@nifty.com,Male,33.13.25.128
573,Angeline,Croucher,acroucherfw@guardian.co.uk,Female,193.228.9.206
574,Annabell,Eburne,aeburnefx@shareasale.com,Female,44.2.177.190
575,Ermin,Gurry,egurryfy@tinyurl.com,Male,53.73.238.4
576,Mayne,Shinner,mshinnerfz@gnu.org,Male,162.168.202.218
577,Raimondo,Hallowes,rhallowesg0@hugedomains.com,Male,196.37.224.76
578,Madelle,Lorne,mlorneg1@fotki.com,Female,60.21.246.224
579,Haleigh,Howel,hhowelg2@so-net.ne.jp,Male,135.191.117.191
580,Madelene,Sixsmith,msixsmithg3@youtu.be,Female,154.31.71.164
581,Neall,De Paoli,ndepaolig4@chron.com,Male,63.107.209.170
582,Axe,Lethbrig,alethbrigg5@xinhuanet.com,Male,17.204.113.64
583,Debora,Findon,dfindong6@ucla.edu,Female,6.94.139.238
584,Shea,Flecknell,sflecknellg7@psu.edu,Female,184.77.106.254
585,Lloyd,Watton,lwattong8@skype.com,Male,128.159.126.194
586,Sigrid,Ewan,sewang9@sciencedirect.com,Female,144.162.88.158
587,Roarke,Workes,rworkesga@examiner.com,Male,28.254.231.95
588,Patti,Flawith,pflawithgb@census.gov,Female,207.110.6.151
589,Andris,Malinowski,amalinowskigc@tiny.cc,Male,0.42.201.154
590,Shina,Lindwall,slindwallgd@example.com,Female,241.184.103.73
591,Ursula,Ashborn,uashbornge@cnbc.com,Female,66.153.214.78
592,Tricia,Egginson,tegginsongf@about.com,Female,99.151.5.87
593,Emery,Bricham,ebrichamgg@salon.com,Male,66.100.86.134
594,Tripp,Conkling,tconklinggh@canalblog.com,Male,204.250.56.133
595,Bliss,Moreton,bmoretongi@businessinsider.com,Female,92.227.124.88
596,Mirilla,Tunna,mtunnagj@aboutads.info,Female,62.85.140.43
597,Charley,Penrice,cpenricegk@fda.gov,Male,93.138.193.175
598,Abraham,Mattek,amattekgl@latimes.com,Male,250.28.229.197
599,Dareen,Rodd,droddgm@godaddy.com,Female,116.92.133.48
600,Genia,Clixby,gclixbygn@wiley.com,Female,116.105.26.78
601,Humberto,Staveley,hstaveleygo@comcast.net,Male,91.21.80.21
602,Misti,Hymas,mhymasgp@ifeng.com,Female,222.248.38.120
603,Opalina,Kapelhoff,okapelhoffgq@scientificamerican.com,Female,71.187.94.121
604,Greta,Armfirld,garmfirldgr@auda.org.au,Female,61.163.126.25
605,Dorothee,Bristoe,dbristoegs@bluehost.com,Female,0.250.139.3
606,Shirlene,Lanston,slanstongt@bravesites.com,Female,208.146.216.154
607,Myrta,Shrieves,mshrievesgu@cnn.com,Female,36.146.48.121
608,Orin,Tucsell,otucsellgv@sina.com.cn,Male,151.155.106.130
609,Igor,Brennon,ibrennongw@gnu.org,Male,30.44.133.87
610,Raoul,Sallier,rsalliergx@whitehouse.gov,Male,228.137.254.56
611,Siffre,Corteis,scorteisgy@weibo.com,Male,165.10.216.255
612,Natalee,Ortner,nortnergz@telegraph.co.uk,Female,81.232.83.195
613,King,Graine,kgraineh0@lycos.com,Male,164.33.98.129
614,Ki,Kluss,kklussh1@phpbb.com,Female,158.33.235.238
615,Hedvige,Talman,htalmanh2@examiner.com,Female,71.51.108.77
616,Wynny,Eakens,weakensh3@github.com,Female,144.136.45.68
617,Elinore,McFie,emcfieh4@histats.com,Female,114.88.119.182
618,Adrian,Gasker,agaskerh5@paginegialle.it,Male,83.92.101.165
619,Trixi,Fortie,tfortieh6@jiathis.com,Female,154.83.212.218
620,Ber,Toderbrugge,btoderbruggeh7@barnesandnoble.com,Male,147.84.3.28
621,Nicky,Asher,nasherh8@spotify.com,Female,169.151.109.124
622,Ginny,Beinisch,gbeinischh9@stanford.edu,Female,50.9.1.185
623,Scot,Saleway,ssalewayha@dropbox.com,Male,94.245.220.252
624,Oberon,Presslee,opressleehb@dmoz.org,Male,222.254.88.188
625,Genovera,Huggan,ghugganhc@biblegateway.com,Female,234.253.50.28
626,Mirabel,Vynoll,mvynollhd@arizona.edu,Female,165.28.95.161
627,Cindelyn,Crampsy,ccrampsyhe@fc2.com,Female,74.114.233.15
628,Thekla,Damarell,tdamarellhf@wufoo.com,Female,126.96.181.35
629,Nickey,Iredale,niredalehg@dailymotion.com,Male,45.105.209.217
630,Enos,Newlands,enewlandshh@tumblr.com,Male,178.70.44.3
631,Aila,Wolters,awoltershi@uiuc.edu,Female,18.22.23.224
632,Malorie,Arch,marchhj@blog.com,Female,151.132.210.128
633,Lars,Pellman,lpellmanhk@va.gov,Male,83.235.253.120
634,Lea,Sandland,lsandlandhl@marriott.com,Female,11.238.148.89
635,Jillie,Carsey,jcarseyhm@cyberchimps.com,Female,153.191.12.145
636,Jeddy,Scola,jscolahn@pagesperso-orange.fr,Male,40.209.107.80
637,Rollin,Pedrielli,rpedrielliho@jimdo.com,Male,247.38.195.76
638,Tucky,Raynard,traynardhp@ucla.edu,Male,17.207.112.131
639,Gipsy,McCallion,gmccallionhq@reverbnation.com,Female,212.71.212.14
640,Brand,Backhurst,bbackhursthr@elpais.com,Male,147.245.167.34
641,Muire,Denty,mdentyhs@archive.org,Female,14.50.223.196
642,Garrard,Baybutt,gbaybuttht@huffingtonpost.com,Male,226.135.55.89
643,Wynne,Trevaskis,wtrevaskishu@slashdot.org,Female,249.142.162.42
644,Edna,Jezard,ejezardhv@bing.com,Female,54.127.49.51
645,Latisha,Legges,lleggeshw@privacy.gov.au,Female,102.77.101.167
646,Averyl,Jorry,ajorryhx@ed.gov,Female,39.30.171.226
647,Gaspar,Gourlay,ggourlayhy@yahoo.co.jp,Male,199.106.103.2
648,Dulcine,Pressey,dpresseyhz@eventbrite.com,Female,220.83.126.127
649,Daisey,Britcher,dbritcheri0@ca.gov,Female,133.194.171.37
650,Georg,Cursey,gcurseyi1@harvard.edu,Male,190.85.243.159
651,Jacques,Ruf,jrufi2@google.ca,Male,64.41.219.39
652,Brittani,Kilshall,bkilshalli3@com.com,Female,159.188.252.66
653,Bibbye,Harriday,bharridayi4@goodreads.com,Female,22.91.196.108
654,Kerrie,Ead,keadi5@wikispaces.com,Female,55.18.70.125
655,Ally,Jablonski,ajablonskii6@rakuten.co.jp,Female,19.71.148.0
656,Katti,Axell,kaxelli7@unesco.org,Female,41.246.115.68
657,Bobbye,Bordes,bbordesi8@stumbleupon.com,Female,111.116.185.52
658,Afton,Angerstein,aangersteini9@businessinsider.com,Female,105.69.125.191
659,Gertie,Naden,gnadenia@blogger.com,Female,209.24.199.221
660,Arabela,Thewless,athewlessib@webnode.com,Female,51.194.164.207
661,Star,Chagg,schaggic@netlog.com,Female,164.7.130.90
662,Philis,Howman,phowmanid@qq.com,Female,34.59.232.196
663,Tibold,Cumpton,tcumptonie@sourceforge.net,Male,20.171.172.69
664,Walt,Eskrick,weskrickif@de.vu,Male,241.53.117.1
665,Celesta,Fillimore,cfillimoreig@symantec.com,Female,28.147.86.40
666,Kyle,Older,kolderih@purevolume.com,Female,81.28.187.96
667,Forrest,Hemms,fhemmsii@smugmug.com,Male,13.86.97.218
668,Klement,Francescone,kfrancesconeij@xing.com,Male,250.239.37.247
669,Harcourt,Culverhouse,hculverhouseik@youtube.com,Male,149.104.48.96
670,Lazarus,Wilmot,lwilmotil@digg.com,Male,32.134.178.175
671,Ladonna,O'Gormley,logormleyim@mlb.com,Female,54.154.72.184
672,Mignonne,Passby,mpassbyin@a8.net,Female,171.127.248.0
673,Nerta,Copping,ncoppingio@paypal.com,Female,59.13.151.179
674,Francklin,Amberger,fambergerip@weibo.com,Male,156.100.57.4
675,Lowe,De Maine,ldemaineiq@yale.edu,Male,114.197.26.245
676,Adelheid,Bouldon,abouldonir@who.int,Female,118.81.42.21
677,Laina,Viggars,lviggarsis@uol.com.br,Female,218.143.134.103
678,Fleur,Ivushkin,fivushkinit@joomla.org,Female,234.38.12.24
679,Minor,Gonnard,mgonnardiu@wunderground.com,Male,130.20.111.35
680,Darice,Trorey,dtroreyiv@discovery.com,Female,9.49.76.192
681,Crin,Wilden,cwildeniw@upenn.edu,Female,79.44.94.78
682,Maddy,Dusting,mdustingix@nasa.gov,Female,227.70.112.29
683,Will,Wolvey,wwolveyiy@wp.com,Male,101.165.115.175
684,Darby,Mountney,dmountneyiz@ted.com,Female,47.148.194.42
685,Tommie,Faber,tfaberj0@pcworld.com,Male,24.234.173.85
686,Benedetto,Firth,bfirthj1@ameblo.jp,Male,33.227.249.253
687,Rip,Rolling,rrollingj2@is.gd,Male,36.126.230.162
688,Buffy,Kyncl,bkynclj3@flickr.com,Female,146.81.226.101
689,Nonnah,Rusk,nruskj4@deviantart.com,Female,29.220.127.105
690,Hamlen,Lockhurst,hlockhurstj5@etsy.com,Male,50.2.27.189
691,Sapphire,Adelman,sadelmanj6@issuu.com,Female,237.1.154.153
692,Suzette,Mattheissen,smattheissenj7@nyu.edu,Female,97.152.254.129
693,Ericka,Skyppe,eskyppej8@reference.com,Female,37.54.225.153
694,Catherine,Wimpeney,cwimpeneyj9@wikipedia.org,Female,44.186.64.63
695,Kristoforo,Monckman,kmonckmanja@symantec.com,Male,233.242.147.237
696,Aridatha,Christie,achristiejb@microsoft.com,Female,126.91.76.48
697,Denver,Leece,dleecejc@csmonitor.com,Male,42.129.122.106
698,Kai,Whapples,kwhapplesjd@tinypic.com,Female,204.231.157.223
699,Murielle,Dain,mdainje@pagesperso-orange.fr,Female,76.205.135.201
700,Keelia,Dexter,kdexterjf@webnode.com,Female,230.155.123.122
701,Gusta,Mauro,gmaurojg@bizjournals.com,Female,27.29.6.14
702,Steve,Kilpin,skilpinjh@tinypic.com,Male,44.235.37.10
703,Giorgio,Brunet,gbrunetji@yolasite.com,Male,116.139.217.116
704,Rozalin,Crumly,rcrumlyjj@hud.gov,Female,190.23.188.78
705,Stevy,Pendre,spendrejk@livejournal.com,Male,152.85.113.70
706,Delmor,Gossipin,dgossipinjl@harvard.edu,Male,99.177.240.220
707,Stewart,McPhate,smcphatejm@yahoo.co.jp,Male,80.234.171.241
708,Gabbie,Perfili,gperfilijn@ycombinator.com,Male,199.159.85.254
709,Adina,Crowdace,acrowdacejo@networkadvertising.org,Female,201.49.110.78
710,Nicolis,McDuff,nmcduffjp@nbcnews.com,Male,4.76.45.227
711,Codie,Ramelot,cramelotjq@telegraph.co.uk,Male,158.226.142.118
712,Hymie,Champagne,hchampagnejr@home.pl,Male,210.153.12.241
713,Brewer,Annatt,bannattjs@lycos.com,Male,151.15.186.175
714,Phelia,Drains,pdrainsjt@goo.ne.jp,Female,196.248.54.112
715,Lisetta,Thiese,lthieseju@livejournal.com,Female,14.222.249.243
716,Joceline,Deam,jdeamjv@domainmarket.com,Female,32.126.200.121
717,Farris,Kivelhan,fkivelhanjw@ameblo.jp,Male,17.87.192.122
718,Michele,Wilcher,mwilcherjx@pcworld.com,Male,27.6.235.177
719,Minne,Beentjes,mbeentjesjy@homestead.com,Female,116.61.79.175
720,Arabela,Ilem,ailemjz@gmpg.org,Female,218.115.234.168
721,Griffy,Scotchmur,gscotchmurk0@arstechnica.com,Male,148.205.228.215
722,Miranda,Uff,muffk1@alexa.com,Female,165.163.81.35
723,Fina,Annies,fanniesk2@loc.gov,Female,105.240.52.60
724,Bertine,MacKaile,bmackailek3@whitehouse.gov,Female,242.142.217.165
725,Frannie,Mountlow,fmountlowk4@linkedin.com,Female,235.152.6.144
726,Silvain,Jenoure,sjenourek5@simplemachines.org,Male,26.55.23.245
727,Emeline,Vuittet,evuittetk6@reuters.com,Female,241.170.160.98
728,Ki,Stuckey,kstuckeyk7@myspace.com,Female,85.136.78.73
729,Eirena,Pourvoieur,epourvoieurk8@sbwire.com,Female,172.154.45.75
730,Venus,Maestrini,vmaestrinik9@nyu.edu,Female,161.220.162.34
731,Alissa,Sarchwell,asarchwellka@cdbaby.com,Female,140.44.174.250
732,Wendell,Inkster,winksterkb@phpbb.com,Male,5.242.48.26
733,Charlie,Lathleiff,clathleiffkc@weebly.com,Male,43.45.234.63
734,Kessia,Blincow,kblincowkd@friendfeed.com,Female,185.85.51.134
735,Barney,Cristoferi,bcristoferike@unesco.org,Male,208.80.186.44
736,Bertram,Carles,bcarleskf@google.com,Male,172.4.198.3
737,Waldemar,Reeday,wreedaykg@t.co,Male,155.109.221.133
738,Lay,Shorton,lshortonkh@epa.gov,Male,41.237.110.76
739,Colette,Warby,cwarbyki@msn.com,Female,80.187.247.184
740,Claudine,Clapperton,cclappertonkj@bing.com,Female,100.5.11.202
741,Torrence,Sheering,tsheeringkk@bbc.co.uk,Male,94.91.28.21
742,Joli,Canwell,jcanwellkl@uol.com.br,Female,23.82.137.19
743,Stanislaus,Daoust,sdaoustkm@nhs.uk,Male,84.209.136.197
744,Talbot,Messruther,tmessrutherkn@hostgator.com,Male,32.96.219.104
745,Toby,Darwin,tdarwinko@icio.us,Female,170.68.11.76
746,Winny,Osant,wosantkp@toplist.cz,Female,169.11.159.137
747,Sargent,Boote,sbootekq@barnesandnoble.com,Male,233.4.14.154
748,Jim,Rickerby,jrickerbykr@yellowpages.com,Male,210.236.46.7
749,Clarke,Balhatchet,cbalhatchetks@yolasite.com,Male,191.237.71.17
750,Fritz,Spowage,fspowagekt@mapy.cz,Male,23.192.3.26
751,Isabelita,Medland,imedlandku@yahoo.co.jp,Female,121.225.36.126
752,Tully,Housegoe,thousegoekv@dyndns.org,Male,182.33.64.197
753,Guinevere,Drawmer,gdrawmerkw@cdbaby.com,Female,171.237.20.140
754,Alain,Brazier,abrazierkx@nsw.gov.au,Male,165.207.82.22
755,Marget,Ruste,mrusteky@google.es,Female,240.105.156.58
756,Gabriellia,Morey,gmoreykz@ucla.edu,Female,166.27.240.184
757,Filmer,Strahan,fstrahanl0@yandex.ru,Male,202.191.113.112
758,Mellisent,Chaperling,mchaperlingl1@dedecms.com,Female,184.167.203.190
759,Tandi,Oager,toagerl2@irs.gov,Female,126.242.200.141
760,Estrella,Handman,ehandmanl3@mysql.com,Female,129.206.100.8
761,Frederik,Erswell,ferswelll4@mtv.com,Male,240.34.178.27
762,Mozelle,Kyffin,mkyffinl5@army.mil,Female,11.244.80.113
763,Miller,Burborough,mburboroughl6@google.co.jp,Male,177.247.245.202
764,Jamill,Zanelli,jzanellil7@sourceforge.net,Male,146.72.106.190
765,Minna,Marling,mmarlingl8@constantcontact.com,Female,58.151.254.117
766,Martguerita,Studdeard,mstuddeardl9@tamu.edu,Female,214.4.72.187
767,Christine,Joska,cjoskala@acquirethisname.com,Female,37.84.252.132
768,Boycey,McCheyne,bmccheynelb@drupal.org,Male,207.139.42.136
769,Everard,McKennan,emckennanlc@intel.com,Male,24.103.99.217
770,Carlina,Winckworth,cwinckworthld@washington.edu,Female,148.29.209.231
771,Trina,Carillo,tcarillole@opensource.org,Female,244.240.241.112
772,Alvira,Cerith,acerithlf@g.co,Female,229.182.186.167
773,Frank,Firbank,ffirbanklg@trellian.com,Female,160.13.236.129
774,Beth,Hinckes,bhinckeslh@slideshare.net,Female,169.24.148.186
775,Cornie,Huncote,chuncoteli@uol.com.br,Female,68.155.141.89
776,Fredra,Wagenen,fwagenenlj@stanford.edu,Female,125.136.118.104
777,Lorraine,Kuna,lkunalk@meetup.com,Female,77.189.120.134
778,Amelia,Grigoriev,agrigorievll@aol.com,Female,143.36.233.180
779,Tom,Vedstra,tvedstralm@vistaprint.com,Male,83.201.194.227
780,Dorine,Symes,dsymesln@chronoengine.com,Female,156.139.148.237
781,Debera,Frigot,dfrigotlo@cyberchimps.com,Female,40.172.11.250
782,Cyrill,Normanton,cnormantonlp@rakuten.co.jp,Male,34.41.231.209
783,Jammie,Bridgnell,jbridgnelllq@gizmodo.com,Female,51.162.15.228
784,Karine,Bielfelt,kbielfeltlr@businessweek.com,Female,93.94.132.185
785,Simona,Boydle,sboydlels@harvard.edu,Female,116.63.178.56
786,Vida,Gaitung,vgaitunglt@php.net,Female,169.222.130.0
787,Ardenia,Guinery,aguinerylu@redcross.org,Female,195.206.167.113
788,Babs,Maylin,bmaylinlv@wikispaces.com,Female,69.69.88.23
789,Ryann,Axleby,raxlebylw@surveymonkey.com,Female,46.118.240.1
790,Benny,Beekman,bbeekmanlx@ovh.net,Female,222.236.71.241
791,Annadiane,Leer,aleerly@whitehouse.gov,Female,189.20.31.36
792,Jaquenetta,Windaybank,jwindaybanklz@multiply.com,Female,26.130.127.238
793,Angel,Birrell,abirrellm0@topsy.com,Female,224.243.24.49
794,Thaxter,Pedican,tpedicanm1@amazon.de,Male,91.180.78.28
795,Holli,Pudden,hpuddenm2@istockphoto.com,Female,143.37.102.118
796,Wye,Burgane,wburganem3@unblog.fr,Male,172.170.170.43
797,Laural,Lambert-Ciorwyn,llambertciorwynm4@ft.com,Female,108.202.151.240
798,Rebe,Keepin,rkeepinm5@shop-pro.jp,Female,249.223.96.157
799,Giffy,Hall-Gough,ghallgoughm6@dmoz.org,Male,254.62.151.64
800,Nari,Sydry,nsydrym7@businesswire.com,Female,81.154.169.154
801,Tanya,Strain,tstrainm8@jiathis.com,Female,40.77.186.91
802,Terrye,Gilhoolie,tgilhooliem9@miibeian.gov.cn,Female,165.248.105.5
803,Bil,Hiddy,bhiddyma@t-online.de,Male,155.7.219.200
804,Julie,Skip,jskipmb@who.int,Female,48.209.129.98
805,Jocelin,Botterman,jbottermanmc@imdb.com,Female,118.85.199.242
806,Candace,Wyles,cwylesmd@nasa.gov,Female,12.114.187.156
807,Jewell,MacVanamy,jmacvanamyme@angelfire.com,Female,134.196.24.12
808,Carita,Whalley,cwhalleymf@ca.gov,Female,224.17.198.5
809,Christabella,Riccardelli,criccardellimg@samsung.com,Female,169.124.108.24
810,Cammi,Beven,cbevenmh@merriam-webster.com,Female,15.58.104.127
811,Fancy,Baggallay,fbaggallaymi@google.com,Female,114.3.7.181
812,Roch,Fance,rfancemj@digg.com,Female,42.10.108.188
813,Woody,Corse,wcorsemk@whitehouse.gov,Male,237.187.46.232
814,Anton,Ruprechter,aruprechterml@wix.com,Male,87.169.205.101
815,Nina,McDermid,nmcdermidmm@cpanel.net,Female,98.162.157.70
816,Jessamine,Curson,jcursonmn@ucoz.ru,Female,195.119.165.48
817,Katalin,Hymus,khymusmo@redcross.org,Female,127.41.43.107
818,Morgen,Gallanders,mgallandersmp@amazon.de,Female,220.105.145.107
819,Auria,Warin,awarinmq@dagondesign.com,Female,114.83.51.8
820,Rey,Manifold,rmanifoldmr@patch.com,Female,55.113.27.237
821,Milton,Husthwaite,mhusthwaitems@angelfire.com,Male,66.80.15.74
822,Norrie,Kleinerman,nkleinermanmt@virginia.edu,Male,97.65.101.127
823,Tony,Gudde,tguddemu@psu.edu,Female,77.18.36.206
824,Udall,Hayward,uhaywardmv@phpbb.com,Male,98.160.147.42
825,Cindra,Cardenoza,ccardenozamw@com.com,Female,196.195.26.103
826,Adriena,Gommowe,agommowemx@exblog.jp,Female,138.86.170.248
827,Gaylene,Kennifick,gkennifickmy@wix.com,Female,87.226.14.217
828,Feodor,Botton,fbottonmz@senate.gov,Male,135.77.77.74
829,Gerda,Schutter,gschuttern0@ow.ly,Female,122.251.97.95
830,Niki,O' Flaherty,noflahertyn1@chicagotribune.com,Male,164.52.32.49
831,Barde,Imort,bimortn2@comcast.net,Male,183.156.84.198
832,Isaiah,Sandels,isandelsn3@bigcartel.com,Male,121.42.20.132
833,Felicity,Lineen,flineenn4@hp.com,Female,90.153.86.206
834,Michael,Dobbinson,mdobbinsonn5@dmoz.org,Male,133.207.81.175
835,Seumas,Gisbye,sgisbyen6@smh.com.au,Male,216.188.77.189
836,Cesare,Soper,csopern7@ftc.gov,Male,133.193.154.252
837,Lacey,De Goey,ldegoeyn8@umn.edu,Female,211.18.254.249
838,Joellen,Brearty,jbreartyn9@e-recht24.de,Female,247.42.176.136
839,Kenon,Harrap,kharrapna@whitehouse.gov,Male,229.86.94.128
840,Jaquith,Lyngsted,jlyngstednb@simplemachines.org,Female,231.42.65.181
841,Freemon,Fanning,ffanningnc@indiatimes.com,Male,194.147.64.8
842,Evania,Ross,erossnd@exblog.jp,Female,2.98.87.4
843,Pace,Petrishchev,ppetrishchevne@google.co.uk,Male,159.17.23.205
844,Chickie,Rosini,crosininf@hexun.com,Male,27.238.169.203
845,Vally,Dinsdale,vdinsdaleng@vinaora.com,Female,100.155.230.133
846,Elisabeth,Higginbottam,ehigginbottamnh@zdnet.com,Female,59.139.240.119
847,Standford,Linturn,slinturnni@noaa.gov,Male,147.176.51.21
848,Ronna,Gutsell,rgutsellnj@reverbnation.com,Female,213.38.46.158
849,Phyllida,Lindley,plindleynk@printfriendly.com,Female,11.85.82.177
850,Ignace,Teeney,iteeneynl@stumbleupon.com,Male,19.61.228.163
851,Claire,Siley,csileynm@com.com,Female,128.247.110.27
852,Carlynn,Elms,celmsnn@narod.ru,Female,105.57.141.24
853,Wynn,Siseland,wsiselandno@amazon.de,Male,197.241.32.14
854,Connie,Hold,choldnp@sphinn.com,Male,181.20.100.185
855,Nehemiah,Webby,nwebbynq@mtv.com,Male,79.167.93.87
856,Esther,Mendoza,emendozanr@ox.ac.uk,Female,61.197.40.22
857,Appolonia,Springle,aspringlens@nba.com,Female,149.65.233.161
858,Koo,Hasney,khasneynt@163.com,Female,241.27.227.23
859,Tibold,Oriel,torielnu@senate.gov,Male,186.22.243.212
860,Gawain,Pankethman,gpankethmannv@twitter.com,Male,209.55.34.158
861,Brenda,Kamenar,bkamenarnw@utexas.edu,Female,4.191.219.229
862,Emmott,Beadell,ebeadellnx@wordpress.com,Male,84.240.85.161
863,Ferd,Salatino,fsalatinony@hud.gov,Male,196.164.58.187
864,Adelaida,Seint,aseintnz@ow.ly,Female,190.71.67.156
865,Shelia,Bygraves,sbygraveso0@cafepress.com,Female,234.235.69.138
866,Moise,Clandillon,mclandillono1@moonfruit.com,Male,250.73.29.138
867,Hashim,Foulis,hfouliso2@geocities.com,Male,131.67.124.203
868,Roanna,Fulger,rfulgero3@parallels.com,Female,4.100.127.165
869,Grata,Obeney,gobeneyo4@youtu.be,Female,50.57.57.81
870,Russ,Eadie,readieo5@ning.com,Male,147.104.153.77
871,Roxanne,Gullam,rgullamo6@bbb.org,Female,194.206.79.204
872,Mellie,Van der Son,mvandersono7@examiner.com,Female,59.64.164.17
873,Tommie,Timson,ttimsono8@salon.com,Female,249.41.229.62
874,Gavra,Derbyshire,gderbyshireo9@instagram.com,Female,134.3.164.246
875,Rhonda,McCarl,rmccarloa@narod.ru,Female,245.53.41.113
876,Tina,Wye,twyeob@nhs.uk,Female,45.148.141.183
877,Edik,Maken,emakenoc@soundcloud.com,Male,11.109.91.59
878,Marven,Skirvin,mskirvinod@reverbnation.com,Male,155.240.81.108
879,Casper,Huxtable,chuxtableoe@com.com,Male,152.247.78.145
880,Pearla,Caldroni,pcaldroniof@webmd.com,Female,126.48.125.244
881,Giff,Haxbie,ghaxbieog@reverbnation.com,Male,181.203.203.148
882,Shaina,Ainscow,sainscowoh@state.gov,Female,121.27.97.198
883,Marsiella,Cuxson,mcuxsonoi@cdc.gov,Female,203.55.105.204
884,Bern,Hazley,bhazleyoj@usda.gov,Male,216.211.144.141
885,Iorgo,Auchterlony,iauchterlonyok@geocities.jp,Male,149.219.218.195
886,Aldous,Goodfield,agoodfieldol@un.org,Male,43.82.205.243
887,Raina,Melluish,rmelluishom@ed.gov,Female,9.234.74.239
888,Mack,Dewey,mdeweyon@eepurl.com,Male,22.146.68.186
889,Smitty,Joret,sjoretoo@vkontakte.ru,Male,27.206.177.76
890,Vivianne,Tolworth,vtolworthop@mapquest.com,Female,69.74.64.74
891,Jim,Custard,jcustardoq@miitbeian.gov.cn,Male,87.227.73.150
892,Waylon,Stairs,wstairsor@feedburner.com,Male,158.3.223.22
893,Sanderson,Blakeney,sblakeneyos@canalblog.com,Male,180.29.68.124
894,Tisha,Boak,tboakot@salon.com,Female,51.193.12.122
895,Tove,Dahmel,tdahmelou@toplist.cz,Female,135.23.252.156
896,Stefania,Capeling,scapelingov@alexa.com,Female,151.141.217.185
897,Berkeley,Kornacki,bkornackiow@phpbb.com,Male,176.137.26.156
898,Ciro,McGurgan,cmcgurganox@oaic.gov.au,Male,199.200.5.190
899,Rodi,Lanktree,rlanktreeoy@home.pl,Female,32.217.234.40
900,Marketa,Corbitt,mcorbittoz@reddit.com,Female,228.206.191.93
901,Arnoldo,Pargeter,apargeterp0@washington.edu,Male,255.213.219.210
902,Scarlet,Dougherty,sdoughertyp1@smugmug.com,Female,26.7.58.93
903,Cristy,Kubis,ckubisp2@studiopress.com,Female,17.69.66.181
904,Donetta,Pedgrift,dpedgriftp3@sciencedaily.com,Female,199.207.57.1
905,Richy,Meekins,rmeekinsp4@vinaora.com,Male,235.227.96.131
906,Willy,De Haven,wdehavenp5@oracle.com,Female,69.218.28.218
907,Kaspar,Lineker,klinekerp6@hhs.gov,Male,71.116.138.170
908,Cyb,Fardell,cfardellp7@pen.io,Female,164.192.106.224
909,Kathi,Torritti,ktorrittip8@icio.us,Female,118.248.33.247
910,Darcee,Pumfrey,dpumfreyp9@spotify.com,Female,176.17.186.204
911,Vergil,Goshawke,vgoshawkepa@freewebs.com,Male,112.239.253.128
912,Spense,Angear,sangearpb@purevolume.com,Male,88.79.47.249
913,Gayler,Sharplin,gsharplinpc@g.co,Male,169.166.181.241
914,Dru,Djurevic,ddjurevicpd@google.nl,Female,142.190.152.37
915,Yule,Lante,ylantepe@over-blog.com,Male,39.85.62.57
916,Scot,Bracher,sbracherpf@columbia.edu,Male,225.28.160.65
917,Audi,Hiskey,ahiskeypg@toplist.cz,Female,27.41.220.76
918,Adore,Spellacey,aspellaceyph@sogou.com,Female,239.71.183.243
919,Jewell,Waliszewski,jwaliszewskipi@ucsd.edu,Female,45.201.110.159
920,Hirsch,Treagust,htreagustpj@youtube.com,Male,23.89.165.249
921,Alison,McClintock,amcclintockpk@hugedomains.com,Female,50.189.142.249
922,Carola,Paulig,cpauligpl@indiatimes.com,Female,249.87.229.204
923,Caesar,Anthes,canthespm@sina.com.cn,Male,251.76.83.133
924,Myrna,Kenshole,mkensholepn@seattletimes.com,Female,111.92.251.16
925,Aline,Callam,acallampo@linkedin.com,Female,33.196.25.250
926,Edie,Van Der Weedenburg,evanderweedenburgpp@people.com.cn,Female,241.87.136.112
927,Portia,Wymer,pwymerpq@google.nl,Female,37.88.229.39
928,Johnette,Ormshaw,jormshawpr@ox.ac.uk,Female,70.126.168.35
929,Madelle,Tarburn,mtarburnps@umn.edu,Female,224.32.12.105
930,Taber,Tregaskis,ttregaskispt@lulu.com,Male,233.195.234.55
931,Matthus,Melrose,mmelrosepu@purevolume.com,Male,14.221.204.244
932,Etty,Brakewell,ebrakewellpv@homestead.com,Female,11.45.48.157
933,Querida,Baldin,qbaldinpw@last.fm,Female,23.251.194.137
934,Ramsey,Karolyi,rkarolyipx@java.com,Male,184.52.145.39
935,Samuel,Bes,sbespy@weebly.com,Male,176.118.3.28
936,Kingsley,Assur,kassurpz@digg.com,Male,17.192.169.253
937,Jillane,Whye,jwhyeq0@nhs.uk,Female,111.100.146.175
938,Hagan,Bridat,hbridatq1@last.fm,Male,117.191.84.1
939,Chancey,Cuncarr,ccuncarrq2@ow.ly,Male,130.102.215.9
940,Norris,Woofinden,nwoofindenq3@sbwire.com,Male,39.129.140.28
941,Hillard,Buzza,hbuzzaq4@purevolume.com,Male,84.161.58.132
942,Arlin,Colbert,acolbertq5@bbc.co.uk,Male,236.86.187.133
943,Waldemar,Insworth,winsworthq6@dailymail.co.uk,Male,246.3.216.157
944,Zonda,Bunny,zbunnyq7@narod.ru,Female,29.165.21.35
945,Carly,Nias,cniasq8@mac.com,Female,39.111.14.12
946,Dulci,Kingzett,dkingzettq9@list-manage.com,Female,64.26.51.243
947,Shayne,Wormstone,swormstoneqa@friendfeed.com,Female,13.127.52.66
948,Loleta,McTeague,lmcteagueqb@ox.ac.uk,Female,12.219.194.57
949,Taite,Ziems,tziemsqc@gmpg.org,Male,26.12.209.93
950,Isaiah,McNamee,imcnameeqd@jiathis.com,Male,133.57.86.148
951,Fleurette,Brody,fbrodyqe@mediafire.com,Female,217.30.43.88
952,Leah,Whisby,lwhisbyqf@sciencedirect.com,Female,220.123.60.11
953,Larry,Aronovitz,laronovitzqg@ocn.ne.jp,Male,255.68.191.91
954,Marika,Jakubiak,mjakubiakqh@noaa.gov,Female,206.198.226.53
955,Christyna,Chinnock,cchinnockqi@disqus.com,Female,231.87.220.188
956,Leon,Norwood,lnorwoodqj@tuttocitta.it,Male,252.110.205.71
957,Steffi,Harbach,sharbachqk@people.com.cn,Female,25.22.1.28
958,Benoite,Hubeaux,bhubeauxql@bravesites.com,Female,222.33.241.218
959,Hugo,Valentino,hvalentinoqm@usgs.gov,Male,56.219.69.0
960,Marquita,O'Crotty,mocrottyqn@deliciousdays.com,Female,168.87.59.26
961,Aindrea,McCloughen,amccloughenqo@scribd.com,Female,53.246.155.73
962,Connie,Akerman,cakermanqp@toplist.cz,Female,72.225.40.146
963,Adolf,Vasey,avaseyqq@sogou.com,Male,250.210.191.137
964,Cirillo,Ziem,cziemqr@vk.com,Male,30.241.243.232
965,Ashil,Pinkstone,apinkstoneqs@rediff.com,Female,184.64.227.228
966,Laney,Playfair,lplayfairqt@wordpress.org,Male,227.218.58.242
967,Nickola,Cardno,ncardnoqu@booking.com,Male,9.96.132.87
968,Othello,Ashness,oashnessqv@godaddy.com,Male,154.205.145.238
969,Thibaut,Story,tstoryqw@discovery.com,Male,17.123.55.233
970,Jamima,Kliesl,jklieslqx@clickbank.net,Female,33.4.215.204
971,Magdalene,Pinxton,mpinxtonqy@auda.org.au,Female,192.157.147.211
972,Shelton,Allwell,sallwellqz@people.com.cn,Male,152.87.233.232
973,Corney,Stittle,cstittler0@nbcnews.com,Male,183.14.49.174
974,Tilly,Ditty,tdittyr1@jigsy.com,Female,40.5.30.67
975,Leupold,Agney,lagneyr2@soup.io,Male,59.243.249.50
976,Lurline,Lead,lleadr3@economist.com,Female,72.179.117.78
977,Porter,Caff,pcaffr4@businesswire.com,Male,26.86.89.140
978,Fabe,Lincke,flincker5@toplist.cz,Male,46.89.15.186
979,Clyve,Edgeson,cedgesonr6@ning.com,Male,21.190.72.181
980,Gnni,Laity,glaityr7@salon.com,Female,248.71.217.248
981,Quintilla,Shevell,qshevellr8@google.com.br,Female,213.108.247.105
982,Lavena,Riby,lribyr9@51.la,Female,110.188.198.56
983,Vale,Gorling,vgorlingra@amazon.co.uk,Female,61.142.241.69
984,Evangeline,Lys,elysrb@google.ru,Female,120.41.89.41
985,Joyann,Pitceathly,jpitceathlyrc@jimdo.com,Female,117.137.246.8
986,Katee,Sanday,ksandayrd@a8.net,Female,52.40.110.158
987,Julissa,Hollyer,jhollyerre@narod.ru,Female,71.78.176.6
988,Lammond,Clements,lclementsrf@google.fr,Male,220.197.138.110
989,Joell,Grundy,jgrundyrg@squidoo.com,Female,252.36.77.9
990,Corby,Tabbernor,ctabbernorrh@diigo.com,Male,75.158.153.13
991,Brinn,Santi,bsantiri@nps.gov,Female,20.239.172.114
992,Abbey,Riggoll,ariggollrj@wp.com,Male,221.166.30.90
993,Wyn,Lemery,wlemeryrk@1und1.de,Male,181.89.177.105
994,Maggi,Ludlam,mludlamrl@techcrunch.com,Female,94.52.218.85
995,Barbara,Chazelle,bchazellerm@redcross.org,Female,66.201.152.187
996,Jacquelin,Simeonov,jsimeonovrn@dailymail.co.uk,Female,1.18.157.203
997,Cathryn,Coalburn,ccoalburnro@ycombinator.com,Female,102.20.227.164
998,Feodora,Oldcote,foldcoterp@myspace.com,Female,163.110.160.187
999,Klara,Derye-Barrett,kderyebarrettrq@fotki.com,Female,59.92.5.118
1000,Corrie,Boosey,cbooseyrr@i2i.jp,Female,0.39.185.210
